measure,n,reached,mean,std,min,q05,q25,q50,q75,q95,max
final_year,4.0,1.0,400.0,0.0,400.0,400.0,400.0,400.0,400.0,400.0,400.0
final_population,4.0,1.0,4086.25,272.27238200008463,3737.0,3788.15,3992.75,4104.0,4197.5,4359.5,4400.0
peak_population,4.0,1.0,4101.75,246.28760288194235,3799.0,3840.85,4008.25,4104.0,4197.5,4359.5,4400.0
peak_year,4.0,1.0,397.5,5.0,390.0,391.5,397.5,400.0,400.0,400.0,400.0
extinct,4.0,1.0,0.0,0.0,0.0,0.0,0.0,0.0,0.0,0.0,0.0
first_cultivation_year,4.0,1.0,77.0,13.515423288475528,62.0,63.2,68.0,77.0,86.0,90.8,92.0
first_storage_pits_year,4.0,1.0,52.75,7.22841614740048,42.0,43.95,51.75,56.0,57.0,57.0,57.0
first_plant_cultivation_year,4.0,1.0,72.5,10.878112581387146,61.0,62.2,67.0,71.0,76.5,84.89999999999999,87.0
first_seed_selection_year,4.0,1.0,99.75,19.585283590832514,85.0,85.15,85.75,93.5,107.5,123.1,127.0
first_ground_stone_axes_year,4.0,1.0,136.75,30.048571790796757,114.0,115.65,122.25,126.0,140.5,172.89999999999998,181.0
first_fallow_rotation_year,4.0,1.0,113.0,19.356308187943966,94.0,96.1,104.5,109.0,117.5,135.5,140.0
first_granaries_year,4.0,0.0,,,,,,,,,
farm_share_10pct_year,4.0,1.0,109.75,23.32916629457641,90.0,90.6,93.0,104.0,120.75,136.95,141.0
farm_share_25pct_year,4.0,1.0,136.0,24.124676163629637,120.0,120.0,120.0,126.5,142.5,165.29999999999998,171.0
farm_share_50pct_year,4.0,1.0,231.5,11.030261405182864,225.0,225.15,225.75,226.5,232.25,244.85,248.0
occupied_cells_y150,4.0,1.0,48.0,1.632993161855452,46.0,46.3,47.5,48.0,48.5,49.7,50.0
occupied_cells_y300,4.0,1.0,59.5,1.2909944487358056,58.0,58.15,58.75,59.5,60.25,60.85,61.0
occupied_cells_y450,4.0,0.0,,,,,,,,,
occupied_cells_y600,4.0,0.0,,,,,,,,,
occupied_cells_y1000,4.0,0.0,,,,,,,,,
migration_rate,4.0,1.0,0.058410896010474556,0.007170206636649214,0.05200271994301072,0.052482077853890495,0.05439950949740959,0.056550580097895965,0.06056196661096093,0.06694415644466864,0.06853970390309556
final_migration_rate,4.0,1.0,0.04756339689594881,0.01240622916716545,0.03595988538681948,0.03702257304629941,0.041273323684219126,0.04463461119640709,0.05092468440813677,0.0622045207249566,0.06502447980416157
final_farm_share,4.0,1.0,0.6466668608824495,0.017075773298930244,0.6243822851467775,0.6278217234549985,0.6415794766878825,0.6481626260603331,0.6532500102549001,0.6634179270608636,0.6659599062623545
final_sedentary_share,4.0,1.0,0.8349503509836687,0.020213764577714084,0.8163149505671968,0.8171462873503078,0.8204716344827516,0.8312895106880884,0.8457682271890055,0.8578795910308414,0.8609074319913005
final_soil_farmed,4.0,1.0,0.34081780326708966,0.0010538357276128276,0.3392909314940474,0.3395506530750141,0.340589539398881,0.3411480115420059,0.3413762754102146,0.3416226618742825,0.34168425849029943
final_crowding_hazard,4.0,1.0,0.0027052930110396337,9.163371176918809e-05,0.0026215243310835352,0.002623221093708841,0.0026300081442100632,0.0026986354821489245,0.0027739203489784954,0.00279668546881742,0.002802376748777151
final_crowding_death_share,4.0,1.0,0.08401756201624361,0.0021239336065509936,0.08157716512948907,0.08178909303509664,0.08263680465752697,0.08411863677486375,0.08549939413358039,0.08610452633532234,0.08625580938575783
final_crude_death_rate,4.0,1.0,39.12529194227175,0.31439498419199496,38.67510530687707,38.74532023881313,39.02617996655737,39.23855098356509,39.33766295927947,39.346700987919704,39.348960495079766
food_saturated_share,4.0,1.0,0.0,0.0,0.0,0.0,0.0,0.0,0.0,0.0,0.0
final_occupied_cells,4.0,1.0,60.0,2.309401076758503,58.0,58.0,58.0,60.0,62.0,62.0,62.0
inventions,4.0,1.0,30.0,6.48074069840786,23.0,23.45,25.25,30.5,35.25,35.85,36.0
units,4.0,1.0,148.25,8.5,142.0,142.0,142.0,145.5,151.75,158.35,160.0
runtime_seconds,4.0,1.0,7.170558990000245,0.2306800043073497,6.925461050999729,6.940114449449993,6.998728043251049,7.184938938500636,7.356769885249832,7.3808716026499495,7.386897031999979
final_share_storage_pits,4.0,1.0,1.0,0.0,1.0,1.0,1.0,1.0,1.0,1.0,1.0
final_share_plant_cultivation,4.0,1.0,1.0,0.0,1.0,1.0,1.0,1.0,1.0,1.0,1.0
final_share_seed_selection,4.0,1.0,1.0,0.0,1.0,1.0,1.0,1.0,1.0,1.0,1.0
final_share_ground_stone_axes,4.0,1.0,1.0,0.0,1.0,1.0,1.0,1.0,1.0,1.0,1.0
final_share_fallow_rotation,4.0,1.0,1.0,0.0,1.0,1.0,1.0,1.0,1.0,1.0,1.0
final_share_granaries,4.0,1.0,0.0,0.0,0.0,0.0,0.0,0.0,0.0,0.0,0.0
